fecha,estacion,evento,real_hora,real_alt,shn_hora,shn_alt,shn_err_min,shn_err_m,ina_hora,ina_alt,ina_err_min,ina_err_m,mod_hora,mod_alt,mod_err_min,mod_err_m
2026-09-29,Mar del Plata,BAJAMAR,02:55,0.59,no pronostica,,,,no pronostica,,,,no disponible,,,
2026-09-29,Mar del Plata,PLEAMAR,08:20,1.36,no pronostica,,,,no pronostica,,,,no disponible,,,
2026-09-29,Mar del Plata,BAJAMAR,15:06,0.61,no pronostica,,,,no pronostica,,,,no disponible,,,
2026-09-29,Mar del Plata,PLEAMAR,21:41,1.6,no pronostica,,,,no pronostica,,,,no disponible,,,
2026-09-29,San Clemente,BAJAMAR,05:45,0.73,no pronostica,,,,no pronostica,,,,no disponible,,,
2026-09-29,San Clemente,PLEAMAR,11:43,1.45,no pronostica,,,,no pronostica,,,,no disponible,,,
2026-09-29,San Clemente,BAJAMAR,17:26,0.62,no pronostica,,,,no pronostica,,,,no disponible,,,
2026-09-29,Atalaya,BAJAMAR,00:17,0.33,no pronostica,,,,no pronostica,,,,no disponible,,,
2026-09-29,Atalaya,PLEAMAR,05:55,1.27,no pronostica,,,,no pronostica,,,,no disponible,,,
2026-09-29,Atalaya,BAJAMAR,12:19,0.55,no pronostica,,,,no pronostica,,,,no disponible,,,
2026-09-29,Atalaya,PLEAMAR,15:37,1.34,no pronostica,,,,no pronostica,,,,no disponible,,,
2026-09-29,Atalaya,BAJAMAR,22:50,0.81,no pronostica,,,,no pronostica,,,,no disponible,,,
2026-09-29,Oyarvide (Punta Indio),PLEAMAR,04:45,1.27,04:00,1.3,45,-0.03,no pronostica,,,,no disponible,,,
2026-09-29,Oyarvide (Punta Indio),BAJAMAR,11:15,0.78,11:00,0.4,15,0.38,no pronostica,,,,no disponible,,,
2026-09-29,Oyarvide (Punta Indio),PLEAMAR,15:22,1.54,15:30,1.0,-7,0.54,no pronostica,,,,no disponible,,,
2026-09-29,Oyarvide (Punta Indio),BAJAMAR,21:55,0.8,23:00,0.7,-65,0.1,no pronostica,,,,no disponible,,,
2026-09-29,La Plata,BAJAMAR,01:48,0.42,03:00,0.5,-71,-0.08,sin dato,,,,no disponible,,,
2026-09-29,La Plata,PLEAMAR,08:05,1.24,sin dato,,,,sin dato,,,,no disponible,,,
2026-09-29,La Plata,BAJAMAR,13:26,0.78,14:00,0.6,-34,0.18,sin dato,,,,no disponible,,,
2026-09-29,La Plata,PLEAMAR,18:04,1.37,19:00,1.35,-56,0.02,sin dato,,,,no disponible,,,
2026-09-29,Buenos Aires,BAJAMAR,04:25,0.36,04:30,0.4,-5,-0.04,sin dato,,,,no disponible,,,
2026-09-29,Buenos Aires,PLEAMAR,09:49,1.27,09:30,1.2,19,0.07,sin dato,,,,no disponible,,,
2026-09-29,Buenos Aires,BAJAMAR,16:07,0.58,16:00,0.5,8,0.08,sin dato,,,,no disponible,,,
2026-09-29,Buenos Aires,PLEAMAR,20:51,1.4,21:00,1.2,-8,0.2,sin dato,,,,no disponible,,,
2026-09-29,San Fernando,BAJAMAR,05:41,0.45,05:30,0.4,11,0.05,03:18,0.54,143,-0.09,no disponible,,,
2026-09-29,San Fernando,PLEAMAR,10:30,1.32,10:30,1.2,0,0.12,09:34,1.29,55,0.03,no disponible,,,
2026-09-29,San Fernando,BAJAMAR,17:16,0.56,17:00,0.5,16,0.06,16:25,0.7,51,-0.14,no disponible,,,
2026-09-29,San Fernando,PLEAMAR,21:27,1.49,22:00,1.3,-32,0.19,22:11,1.25,-44,0.24,no disponible,,,
2026-09-29,Martín García,BAJAMAR,05:52,0.76,no pronostica,,,,sin dato,,,,no disponible,,,
2026-09-29,Martín García,PLEAMAR,11:57,1.38,no pronostica,,,,sin dato,,,,no disponible,,,
2026-09-29,Martín García,BAJAMAR,17:23,1.01,no pronostica,,,,sin dato,,,,no disponible,,,
2026-09-29,Martín García,PLEAMAR,22:15,1.5,no pronostica,,,,sin dato,,,,no disponible,,,
2026-09-29,Pilote Norden,BAJAMAR,02:25,0.45,no pronostica,,,,no pronostica,,,,02:10,0.77,15,-0.31
2026-09-29,Pilote Norden,PLEAMAR,08:55,1.22,no pronostica,,,,no pronostica,,,,09:00,1.34,-5,-0.12
2026-09-29,Pilote Norden,BAJAMAR,14:03,0.86,no pronostica,,,,no pronostica,,,,16:00,1.1,-117,-0.24
2026-09-29,Pilote Norden,PLEAMAR,18:55,1.3,no pronostica,,,,no pronostica,,,,19:10,1.26,-15,0.04
2026-09-30,Mar del Plata,BAJAMAR,04:28,0.76,no pronostica,,,,no pronostica,,,,no disponible,,,
2026-09-30,Mar del Plata,PLEAMAR,09:04,1.69,no pronostica,,,,no pronostica,,,,no disponible,,,
2026-09-30,Mar del Plata,BAJAMAR,16:35,0.66,no pronostica,,,,no pronostica,,,,no disponible,,,
2026-09-30,Mar del Plata,PLEAMAR,22:36,1.61,no pronostica,,,,no pronostica,,,,no disponible,,,
2026-09-30,San Clemente,PLEAMAR,00:52,2.03,no pronostica,,,,no pronostica,,,,no disponible,,,
2026-09-30,San Clemente,BAJAMAR,06:51,0.89,no pronostica,,,,no pronostica,,,,no disponible,,,
2026-09-30,San Clemente,PLEAMAR,12:10,1.75,no pronostica,,,,no pronostica,,,,no disponible,,,
2026-09-30,San Clemente,BAJAMAR,18:18,0.81,no pronostica,,,,no pronostica,,,,no disponible,,,
2026-09-30,Atalaya,PLEAMAR,05:10,2.11,no pronostica,,,,no pronostica,,,,no disponible,,,
2026-09-30,Atalaya,BAJAMAR,13:39,1.1,no pronostica,,,,no pronostica,,,,no disponible,,,
2026-09-30,Atalaya,PLEAMAR,18:40,1.59,no pronostica,,,,no pronostica,,,,no disponible,,,
2026-09-30,Oyarvide (Punta Indio),PLEAMAR,03:47,2.21,05:00,1.7,-73,0.51,no pronostica,,,,no disponible,,,
2026-09-30,Oyarvide (Punta Indio),BAJAMAR,12:19,1.1,11:00,1.1,79,-0.0,no pronostica,,,,no disponible,,,
2026-09-30,Oyarvide (Punta Indio),PLEAMAR,16:22,1.67,16:00,1.6,22,0.07,no pronostica,,,,no disponible,,,
2026-09-30,Oyarvide (Punta Indio),BAJAMAR,23:26,0.75,00:00,0.7,-33,0.05,no pronostica,,,,no disponible,,,
2026-09-30,La Plata,BAJAMAR,00:25,0.97,02:00,0.85,-94,0.12,sin dato,,,,no disponible,,,
2026-09-30,La Plata,PLEAMAR,07:37,2.18,08:00,1.4,-22,0.78,sin dato,,,,no disponible,,,
2026-09-30,La Plata,BAJAMAR,15:35,1.15,14:30,1.25,65,-0.1,sin dato,,,,no disponible,,,
2026-09-30,La Plata,PLEAMAR,19:41,1.63,20:00,1.6,-19,0.03,sin dato,,,,no disponible,,,
2026-09-30,Buenos Aires,BAJAMAR,02:53,0.94,04:00,0.8,-67,0.14,sin dato,,,,no disponible,,,
2026-09-30,Buenos Aires,PLEAMAR,09:20,2.25,10:30,2.2,-70,0.05,sin dato,,,,no disponible,,,
2026-09-30,Buenos Aires,BAJAMAR,17:45,1.04,16:30,1.1,75,-0.06,sin dato,,,,no disponible,,,
2026-09-30,Buenos Aires,PLEAMAR,21:51,1.61,22:00,1.6,-9,0.01,sin dato,,,,no disponible,,,
2026-09-30,San Fernando,BAJAMAR,03:42,0.93,05:00,0.85,-77,0.08,03:49,0.56,-7,0.37,no disponible,,,
2026-09-30,San Fernando,PLEAMAR,10:08,2.2,11:30,2.25,-82,-0.05,10:43,1.67,-36,0.53,no disponible,,,
2026-09-30,San Fernando,BAJAMAR,18:40,1.06,17:30,1.15,70,-0.09,17:08,1.11,92,-0.05,no disponible,,,
2026-09-30,San Fernando,PLEAMAR,22:32,1.65,22:30,1.55,2,0.1,22:01,1.62,30,0.03,no disponible,,,
2026-09-30,Martín García,BAJAMAR,03:40,1.16,no pronostica,,,,sin dato,,,,no disponible,,,
2026-09-30,Martín García,PLEAMAR,10:15,2.12,no pronostica,,,,sin dato,,,,no disponible,,,
2026-09-30,Martín García,BAJAMAR,18:52,1.31,no pronostica,,,,sin dato,,,,no disponible,,,
2026-09-30,Martín García,PLEAMAR,23:30,1.67,no pronostica,,,,sin dato,,,,no disponible,,,
2026-09-30,Pilote Norden,BAJAMAR,00:55,1.07,no pronostica,,,,no pronostica,,,,03:00,0.71,-125,0.35
2026-09-30,Pilote Norden,PLEAMAR,08:15,2.11,no pronostica,,,,no pronostica,,,,08:10,1.41,5,0.7
2026-09-30,Pilote Norden,BAJAMAR,16:09,1.17,no pronostica,,,,no pronostica,,,,14:30,0.65,99,0.52
2026-09-30,Pilote Norden,PLEAMAR,20:04,1.55,no pronostica,,,,no pronostica,,,,20:10,1.22,-6,0.32
2026-10-01,Mar del Plata,BAJAMAR,04:28,0.9,no pronostica,,,,no pronostica,,,,no disponible,,,
2026-10-01,Mar del Plata,PLEAMAR,10:20,1.82,no pronostica,,,,no pronostica,,,,no disponible,,,
2026-10-01,Mar del Plata,BAJAMAR,17:45,0.55,no pronostica,,,,no pronostica,,,,no disponible,,,
2026-10-01,Mar del Plata,PLEAMAR,22:35,1.26,no pronostica,,,,no pronostica,,,,no disponible,,,
2026-10-01,San Clemente,PLEAMAR,01:26,1.85,no pronostica,,,,no pronostica,,,,no disponible,,,
2026-10-01,San Clemente,BAJAMAR,06:56,0.96,no pronostica,,,,no pronostica,,,,no disponible,,,
2026-10-01,San Clemente,PLEAMAR,15:21,1.88,no pronostica,,,,no pronostica,,,,no disponible,,,
2026-10-01,San Clemente,BAJAMAR,19:15,0.75,no pronostica,,,,no pronostica,,,,no disponible,,,
2026-10-01,Atalaya,BAJAMAR,00:28,0.78,no pronostica,,,,no pronostica,,,,no disponible,,,
2026-10-01,Atalaya,PLEAMAR,06:05,1.81,no pronostica,,,,no pronostica,,,,no disponible,,,
2026-10-01,Atalaya,BAJAMAR,12:57,1.0,no pronostica,,,,no pronostica,,,,no disponible,,,
2026-10-01,Atalaya,PLEAMAR,17:50,1.81,no pronostica,,,,no pronostica,,,,no disponible,,,
2026-10-01,Oyarvide (Punta Indio),PLEAMAR,04:30,1.9,05:00,1.75,-30,0.15,no pronostica,,,,no disponible,,,
2026-10-01,Oyarvide (Punta Indio),BAJAMAR,11:34,1.03,12:00,1.0,-26,0.03,no pronostica,,,,no disponible,,,
2026-10-01,Oyarvide (Punta Indio),PLEAMAR,16:28,1.88,17:00,1.7,-31,0.18,no pronostica,,,,no disponible,,,
2026-10-01,La Plata,BAJAMAR,02:25,0.91,03:00,0.85,-34,0.06,sin dato,,,,no disponible,,,
2026-10-01,La Plata,PLEAMAR,07:40,1.79,sin dato,,,,sin dato,,,,no disponible,,,
2026-10-01,La Plata,BAJAMAR,14:39,1.09,15:00,1.25,-21,-0.16,sin dato,,,,no disponible,,,
2026-10-01,La Plata,PLEAMAR,19:08,1.81,20:00,1.75,-52,0.06,sin dato,,,,no disponible,,,
2026-10-01,Buenos Aires,BAJAMAR,04:37,0.84,05:00,0.8,-22,0.04,sin dato,,,,no disponible,,,
2026-10-01,Buenos Aires,PLEAMAR,10:27,1.8,11:00,1.85,-33,-0.05,sin dato,,,,no disponible,,,
2026-10-01,Buenos Aires,BAJAMAR,16:55,0.9,17:00,1.15,-5,-0.25,sin dato,,,,no disponible,,,
2026-10-01,Buenos Aires,PLEAMAR,21:32,1.8,22:00,1.75,-28,0.05,sin dato,,,,no disponible,,,
2026-10-01,San Fernando,BAJAMAR,05:34,0.86,06:00,0.9,-26,-0.04,05:10,0.84,24,0.01,no disponible,,,
2026-10-01,San Fernando,PLEAMAR,10:42,1.83,12:00,1.95,-78,-0.12,10:50,1.69,-8,0.14,no disponible,,,
2026-10-01,San Fernando,BAJAMAR,17:33,0.89,18:00,1.25,-26,-0.36,17:16,0.94,17,-0.05,no disponible,,,
2026-10-01,San Fernando,PLEAMAR,22:05,1.84,23:00,1.85,-54,-0.01,23:18,1.75,-72,0.08,no disponible,,,
2026-10-01,Martín García,BAJAMAR,05:57,1.22,no pronostica,,,,sin dato,,,,no disponible,,,
2026-10-01,Martín García,PLEAMAR,10:57,1.93,no pronostica,,,,sin dato,,,,no disponible,,,
2026-10-01,Martín García,BAJAMAR,18:00,1.29,no pronostica,,,,sin dato,,,,no disponible,,,
2026-10-01,Martín García,PLEAMAR,22:51,1.81,no pronostica,,,,sin dato,,,,no disponible,,,
2026-10-01,Pilote Norden,BAJAMAR,02:48,0.96,no pronostica,,,,no pronostica,,,,02:50,0.71,-1,0.25
2026-10-01,Pilote Norden,PLEAMAR,08:27,1.74,no pronostica,,,,no pronostica,,,,10:00,1.52,-93,0.22
2026-10-01,Pilote Norden,BAJAMAR,15:15,1.11,no pronostica,,,,no pronostica,,,,16:00,0.76,-45,0.35
2026-10-01,Pilote Norden,PLEAMAR,20:15,1.7,no pronostica,,,,no pronostica,,,,21:00,1.41,-45,0.29
