fecha,estacion,ina_obs,ina_pron,err
2026-09-29,Campana,0.45,0.706,-0.256
2026-09-29,Baradero,1.28,,
2026-09-29,San Pedro,1.46,,
2026-09-29,Ramallo,1.79,1.9,-0.11
2026-09-29,San Nicolás,2.07,2.17,-0.1
2026-09-29,Villa Constitución,2.28,,
2026-09-29,Rosario,2.91,2.94,-0.03
2026-09-29,San Lorenzo,3.12,,
2026-09-30,Campana,0.8,0.58,0.22
2026-09-30,Baradero,1.28,,
2026-09-30,San Pedro,1.49,,
2026-09-30,Ramallo,1.76,1.92,-0.16
2026-09-30,San Nicolás,2.05,2.19,-0.14
2026-09-30,Villa Constitución,2.26,,
2026-09-30,Rosario,2.93,,
2026-09-30,San Lorenzo,3.15,,
2026-10-01,Campana,0.8,0.86,-0.06
2026-10-01,Baradero,1.6,,
2026-10-01,San Pedro,1.75,,
2026-10-01,Ramallo,1.95,2.08,-0.13
2026-10-01,San Nicolás,2.19,2.32,-0.13
2026-10-01,Villa Constitución,2.36,,
2026-10-01,Rosario,2.94,,
2026-10-01,San Lorenzo,3.22,,
2026-10-02,Campana,1.09,0.93,0.16
2026-10-02,Baradero,1.55,,
2026-10-02,San Pedro,1.73,,
2026-10-02,Ramallo,1.98,2.13,-0.15
2026-10-02,San Nicolás,2.23,2.38,-0.15
2026-10-02,Villa Constitución,2.41,,
2026-10-02,Rosario,3.01,,
2026-10-02,San Lorenzo,3.25,,
2026-10-03,Campana,0.5,0.71,-0.21
2026-10-03,Baradero,1.5,,
2026-10-03,San Pedro,1.69,,
2026-10-03,Ramallo,1.98,2.13,-0.15
2026-10-03,San Nicolás,2.26,2.39,-0.13
2026-10-03,Villa Constitución,2.45,,
2026-10-03,Rosario,3.05,,
2026-10-03,San Lorenzo,3.31,,
2026-10-04,Campana,0.1,0.42,-0.32
2026-10-04,Baradero,1.29,,
2026-10-04,San Pedro,1.44,,
2026-10-04,Ramallo,1.83,1.97,-0.14
2026-10-04,San Nicolás,2.15,2.27,-0.12
2026-10-04,Villa Constitución,2.38,2.4,-0.02
2026-10-04,Rosario,3.09,,
2026-10-04,San Lorenzo,3.33,3.21,0.12
